_id,id,nome,username,idioma,qt_assinatura,qtd_start,data_cadastro
673f0b5af24246d5b1763899,5209988771,uldob,Fanulone,,0,1,
673f0dd7f24246d5b176389c,7067363483,Fabricio,,portugues,0,1,
673f15a7f24246d5b17638a1,7528537090,Sanches,,portugues,0,1,
673f1accf24246d5b17638aa,7371977898,Mikael,,portugues,0,1,
673f22d2f24246d5b17638b8,7257707673,Latanzzi,Latanzzi,,0,1,
673f277ef24246d5b1763917,6389402292,Osmany,,espanhol,0,1,
673f2bccf24246d5b176391c,6450359182,Maraisa‚ú®,itsmaraiisa,portugues,0,1,
673f5106f24246d5b1763921,2135620641,Bruno,Bruni21nho,portugues,0,1,
673f6d6bf24246d5b1763949,6852381113,Paulo,,portugues,1,1,
673f6df4f24246d5b1763952,6430091041,Valdeir,,portugues,0,1,
673f8750f24246d5b176395d,6863331373,El,,portugues,0,1,
673f97d4f24246d5b1763962,7175031169,Fernando,,espanhol,0,1,
673fa041f24246d5b1763965,7151291702,Gerson,,espanhol,0,1,
673fa0f2f24246d5b176396a,5084461571,Tiago,chairman1992,portugues,0,1,
673fa3b9f24246d5b176396f,5425314808,Nicolas,,espanhol,0,1,
673fc380f24246d5b1763976,6425217155,Arthur,,portugues,0,1,
673fc9d6f24246d5b176397b,7269651321,Ruben,Rubengomes1,portugues,0,1,
673fe579f24246d5b1763983,7861318371,–∞–æ—ã—Ä—Ä,,portugues,0,1,
673fed8df24246d5b1763988,5178757175,Si,,espanhol,0,1,
673ff3c6f24246d5b176398d,6029859725,Raees,,portugues,0,1,
673fffac79d11d3a30eec7a8,6988116540,Leonardo,,,0,1,
674001b279d11d3a30eec7ab,5887692895,Diego,,,0,1,
67405e9379d11d3a30eec7f2,6392960526,Joao Marcos,,,0,1,
6740659c79d11d3a30eec7f5,2128106889,Manuel,,portugues,0,1,
6740795679d11d3a30eec801,7313440163,Helder,,portugues,0,1,
6740b40879d11d3a30eec80b,5188126184,Junaid,,espanhol,0,1,
6740b5c279d11d3a30eec80e,1726683365,Denzel,,portugues,0,1,
6740be4f79d11d3a30eec816,7244367815,Jos√©,,portugues,0,1,
6740bee379d11d3a30eec81b,7045830894,Oscar,,portugues,0,1,
6740e4f979d11d3a30eec822,5045320471,Julio,,espanhol,0,1,
6740fc9c79d11d3a30eec827,7872706131,Jameson,,espanhol,0,1,
6741032979d11d3a30eec82c,7318703573,Fabian,,espanhol,0,1,
674104df79d11d3a30eec831,5535032565,üöÇ,,espanhol,0,1,
67410abf79d11d3a30eec836,890043379,Abel,Abeleglezr,espanhol,0,1,
674110d279d11d3a30eec83b,6509750600,Joav,,espanhol,0,1,
674116a979d11d3a30eec840,2103659276,Reventa,Reventa_futcamis,espanhol,0,1,
6741185c79d11d3a30eec848,6391975308,Ildefonso,ildefonsocamcho,portugues,0,1,
674127bc79d11d3a30eec850,7528462001,f,,espanhol,0,1,
674127be79d11d3a30eec853,1864223049,fran,takemebacktovenus,espanhol,0,1,
67412e0179d11d3a30eec85a,7105353940,Edilson,,portugues,0,1,
67412edc79d11d3a30eec863,7686868949,Jose,,espanhol,0,1,
674136b179d11d3a30eec868,6724015287,Adolfo,,espanhol,0,1,
67413c6479d11d3a30eec86d,6783855357,Martina,,,0,1,
67415ed479d11d3a30eec870,6696897541,Dervis,,portugues,0,1,
6741a1e579d11d3a30eec875,5812349044,Fausto,,espanhol,0,1,
6741b06779d11d3a30eec881,6242781605,‚òîÔ∏è,,portugues,0,1,
6741b9c979d11d3a30eec886,7350034123,Lujan,Lujan_GB,portugues,0,1,
6741ba9979d11d3a30eec88b,5544146143,ÿ≠ÿßÿ≤ŸÖ ŸÖŸÉŸäŸÜÿ©,mdaydd,portugues,0,1,
6741bffb79d11d3a30eec890,6458464667,Cleonilton Antonio,,portugues,0,1,
6741c61179d11d3a30eec895,5345598403,alexandre69,,portugues,0,1,
6741c99d79d11d3a30eec89f,6332649794,Everson,,portugues,0,1,
6741d34379d11d3a30eec8a4,7968639225,bilel,,portugues,0,1,
6741e03b79d11d3a30eec8a7,6761783089,Dami√°n,,espanhol,0,1,
6741f88579d11d3a30eec8ac,6790106309,Filipe,,,0,1,
6741fe9879d11d3a30eec8af,6400875067,Kacper,Zaqwess,portugues,0,1,
674204e879d11d3a30eec8b4,6388723411,Feliciano,,portugues,0,1,
67423bc679d11d3a30eec8be,6766766409,Francisco,,portugues,0,1,
6742412979d11d3a30eec8c3,592938066,J,,portugues,0,1,
674242ce79d11d3a30eec8c8,7503766618,BlackKing97,,espanhol,0,1,
67426e0079d11d3a30eec8cd,615719605,Vamp,,,0,1,
6742763879d11d3a30eec8d0,7098272686,Alonso,,espanhol,0,1,
674278a479d11d3a30eec8d5,7734858868,Albey,Albey_B,espanhol,0,1,
67429c6c79d11d3a30eec8dc,2083696915,Krish,krixhhh05,portugues,0,1,
6742c17679d11d3a30eec8e1,7150859254,juan,,espanhol,0,1,
6742cf3579d11d3a30eec8e8,5200203692,Neymar,,espanhol,0,1,
6742f07479d11d3a30eec8ed,7114135789,Jorge,,portugues,0,1,
674301b379d11d3a30eec8f0,988628835,Prasanna,Prasannakumar1108,espanhol,0,1,
67431e3279d11d3a30eec8f5,7546393783,Martin,,espanhol,0,1,
6743533079d11d3a30eec8fa,892068003,Sergio,,espanhol,0,1,
67438d1679d11d3a30eec90d,1631330830,Renato,,portugues,0,1,
6743914f79d11d3a30eec912,6500086507,Fk,,,0,1,
6743da5279d11d3a30eec915,6914625199,A,,espanhol,0,1,
6743eae579d11d3a30eec92b,6792957083,Nestor,,espanhol,0,1,
67447c9679d11d3a30eec930,7124703290,FOX,foxltda02,portugues,0,1,
674496ff79d11d3a30eec935,5921639856,Carol,,espanhol,0,1,
6744d3ef79d11d3a30eec944,6594042171,Yeiberlin21,,espanhol,0,1,
6745ce7d13bad3ea22829843,5090351005,SAUL OTTO,MIDASGN,portugues_br,0,1,2024-11-26T13:34:53.472Z
6745d4c513bad3ea2282987a,6048629316,Kiko,,portugues,0,1,2024-11-26T14:01:41.830Z
6746203913bad3ea22829887,2115581724,Akhilesh,,portugues,0,1,2024-11-26T19:23:37.640Z
6746aa3f13bad3ea228298c5,5517487079,Kunal,,portugues,0,1,2024-11-27T05:12:31.707Z
6747128713bad3ea228298cf,7202829256,Fabio,,espanhol,0,1,2024-11-27T12:37:27.493Z
6747220b13bad3ea228298d4,1598970080,Ys,ys36023,portugues,0,1,2024-11-27T13:43:39.339Z
6747439913bad3ea228298d9,6489228790,Jeeva,STROKE7R,portugues,0,1,2024-11-27T16:06:49.776Z
6747507d13bad3ea228298de,7963298919,Naif,,portugues,0,1,2024-11-27T17:01:49.447Z
67480ec213bad3ea228298f3,6498995927,M,,,0,1,2024-11-28T06:33:38.918Z
67480f6613bad3ea228298f6,6078755482,Kelvin,Kelvin_florinda,portugues,0,1,2024-11-28T06:36:22.716Z
6748816113bad3ea228298ff,5772192285,yas,,espanhol,0,1,2024-11-28T14:42:41.403Z
6748bd3b54559c7c413025d5,7085712713,Tragon,,espanhol,0,1,2024-11-28T18:58:03.623Z
6748c0e454559c7c413025de,7733039966,Carlos,,,0,1,2024-11-28T19:13:40.368Z
6748c28b54559c7c413025e4,7888815030,alex,,espanhol,0,1,2024-11-28T19:20:43.000Z
6748c3d154559c7c413025e9,5800553224,David,,espanhol,0,1,2024-11-28T19:26:09.574Z
6748d51854559c7c413025ee,6350239208,Remy,,espanhol,0,1,2024-11-28T20:39:52.010Z
6748d52054559c7c413025f3,12376325,Nico,,espanhol,0,1,2024-11-28T20:40:00.294Z
6748dff654559c7c41302600,108526467,Andr√©s,Chinaski3006,espanhol,0,1,2024-11-28T21:26:14.128Z
6748e5f854559c7c41302605,2070782405,Jorge,jorge_lit,espanhol,0,1,2024-11-28T21:51:52.036Z
6748e68254559c7c4130260e,1653950136,Deriman,,espanhol,0,1,2024-11-28T21:54:10.148Z
6748e7a154559c7c41302613,7679899803,Iv√°n,Ivsaja,espanhol,0,1,2024-11-28T21:58:57.375Z
6748e7b354559c7c41302618,7674173903,G,,espanhol,0,1,2024-11-28T21:59:15.853Z
6748ecbb54559c7c41302621,1705394268,Jaime,,espanhol,0,1,2024-11-28T22:20:43.431Z
6748f40754559c7c41302626,114013770,Amin Khatibi,Amin_Khatibi,espanhol,0,1,2024-11-28T22:51:51.224Z
6749005154559c7c41302630,1002187490,–ê—Ä–∫–∞–¥–∏–π,ArkadiiBranitskiy,portugues,0,1,2024-11-28T23:44:17.581Z
6749041d54559c7c41302635,5868284338,Ernesto Uber üöò,lonchomania,espanhol,0,1,2024-11-29T00:00:29.173Z
6749069054559c7c4130263a,2041213131,J,,espanhol,0,1,2024-11-29T00:10:56.151Z
674942c754559c7c41302655,7023797414,Leonard,Fuyukikuro,portugues_br,0,1,2024-11-29T04:27:51.156Z
6749478454559c7c41302671,723843039,RubHer,RubenHdzA,espanhol,0,1,2024-11-29T04:48:04.269Z
674948e754559c7c41302676,7726555484,Benja,,espanhol,0,1,2024-11-29T04:53:59.212Z
67494b298c588df4af54e653,7357830529,Robert,,espanhol,0,1,2024-11-29T05:03:37.925Z
674954b58c588df4af54ec13,6902749300,N,,espanhol,0,1,2024-11-29T05:44:21.453Z
674961c28c588df4af54ec68,7466420787,Santi,,espanhol,0,1,2024-11-29T06:40:02.806Z
674975bd8c588df4af54ec6d,6313157349,Gregory,,espanhol,0,1,2024-11-29T08:05:17.564Z
6749811c8c588df4af54ec72,2075119058,Sexo anal,,espanhol,0,1,2024-11-29T08:53:48.881Z
674982b78c588df4af54ec77,1704370365,Mehul,,espanhol,0,1,2024-11-29T09:00:39.500Z
6749a7bf8c588df4af54ec7c,6119753272,JACeR20,,espanhol,0,1,2024-11-29T11:38:39.214Z
6749abab8c588df4af54ec81,6431796877,Miguel,,espanhol,0,1,2024-11-29T11:55:23.061Z
6749b8b28c588df4af54ec86,6927733422,Fiflako,,portugues_br,0,1,2024-11-29T12:50:58.238Z
6749d3bd8c588df4af54ec8b,5358495150,41828,,espanhol,0,1,2024-11-29T14:46:21.023Z
6749efd48c588df4af54ec90,6866927461,Ramses,,,0,1,2024-11-29T16:46:12.175Z
6749fb078c588df4af54eca1,6149415804,Paco,,espanhol,0,1,2024-11-29T17:33:59.220Z
674a0ff18c588df4af54ecac,930794578,Mehmet,,,0,1,2024-11-29T19:03:13.275Z
674a43bed75c18c6321cbbff,6238477984,Ronaldo,,portugues_br,0,1,2024-11-29T22:44:14.924Z
674a493fd75c18c6321cbc40,7062298239,Aguinaldo,,portugues,0,1,2024-11-29T23:07:43.939Z
674a4b68d75c18c6321cbc4a,6590300013,Andre,,portugues,0,1,2024-11-29T23:16:56.989Z
674a5599d75c18c6321cbc4f,874653159,Escobar,,,0,1,2024-11-30T00:00:25.053Z
674a56f1d75c18c6321cbc52,6304822471,Leonardo,,portugues_br,0,1,2024-11-30T00:06:09.774Z
674a5960d75c18c6321cbc57,6787304213,Gabriel,,portugues_br,0,1,2024-11-30T00:16:32.285Z
674a5a62d75c18c6321cbc5c,7601633159,Leonardo,,portugues_br,0,1,2024-11-30T00:20:50.122Z
674a5ec6d75c18c6321cbc61,6464399537,Khammassi,,portugues,0,1,2024-11-30T00:39:34.521Z
674a8496d75c18c6321cbc66,6960096163,Adri,,espanhol,0,1,2024-11-30T03:20:54.275Z
674a8c88d75c18c6321cbc6b,7467583342,85474,,espanhol,0,1,2024-11-30T03:54:48.924Z
674a8ebad75c18c6321cbc76,909962629,Jeancarlo Mej√≠as Cordero,jeanca_mejias_cordero,espanhol,0,1,2024-11-30T04:04:10.145Z
674a9149d75c18c6321cbc7b,7360941080,3BoD,,portugues,0,1,2024-11-30T04:15:05.112Z
674b0773d75c18c6321cbc8e,1553222050,Thomas,ThomasB160,,0,1,2024-11-30T12:39:15.627Z
674b0c32d75c18c6321cbc91,1214566089,F,Folcano,portugues,0,1,2024-11-30T12:59:30.665Z
674b242bd75c18c6321cbc9a,564544272,Jo√£o Soares,jafsoarez,portugues,1,1,2024-11-30T14:41:47.289Z
674b2e1ed75c18c6321cbca8,533429443,Yeyo6699,Yeyo6699,espanhol,0,1,2024-11-30T15:24:14.469Z
674b2e32d75c18c6321cbcad,7279279749,Jose,Emmanuel6670,espanhol,0,1,2024-11-30T15:24:34.680Z
674b2e9cd75c18c6321cbcb2,903498463,Ivan,Elmaki31,espanhol,0,1,2024-11-30T15:26:20.795Z
674b2ef0d75c18c6321cbcb7,1079407653,pepito,,espanhol,0,1,2024-11-30T15:27:44.517Z
674b2f34d75c18c6321cbcbc,1005371036,Zacar√≠as,zacarias77777777,espanhol,1,1,2024-11-30T15:28:52.076Z
674b2fffd75c18c6321cbcc9,6012714,K,kumAnt1991,espanhol,0,1,2024-11-30T15:32:15.804Z
674b30c5d75c18c6321cbcd2,1188159722,Jose,Joselete99,espanhol,0,1,2024-11-30T15:35:33.351Z
674b314fd75c18c6321cbcdc,7634051341,F,,espanhol,0,1,2024-11-30T15:37:51.485Z
674b318bd75c18c6321cbce1,5676504698,JL1B,,espanhol,0,1,2024-11-30T15:38:51.776Z
674b31f7d75c18c6321cbce6,5764237292,Rober,Robersg23,espanhol,0,1,2024-11-30T15:40:39.777Z
674b32dcd75c18c6321cbceb,6724377550,Ale,Ale2sss,espanhol,1,1,2024-11-30T15:44:28.308Z
674b357fd75c18c6321cbcf9,1336309520,JuananCuesta,JuananCuesta,espanhol,0,1,2024-11-30T15:55:43.064Z
674b35a5d75c18c6321cbcfe,1097622572,@juanjohb98,JuanjoHidalgo,espanhol,0,1,2024-11-30T15:56:21.908Z
674b37f3d75c18c6321cbd03,1225307314,Real madrid,Javierbenro,espanhol,0,1,2024-11-30T16:06:11.554Z
674b3859d75c18c6321cbd08,1069945510,Jose,joseaibar,espanhol,0,1,2024-11-30T16:07:53.340Z
674b39e0d75c18c6321cbd0d,90008188,@SamuBManresa,SamuBManresa,espanhol,0,1,2024-11-30T16:14:24.387Z
674b3b14d75c18c6321cbd12,197175426,99,el1del1,espanhol,0,1,2024-11-30T16:19:32.614Z
674b3ccfd75c18c6321cbd17,7211727301,Jose,,espanhol,0,1,2024-11-30T16:26:55.630Z
674b3cd6d75c18c6321cbd1c,8005585078,Aar√≥n,,espanhol,0,1,2024-11-30T16:27:02.911Z
674b3fabd75c18c6321cbd21,206069967,Alex,Alex155100,espanhol,0,1,2024-11-30T16:39:07.430Z
674b428ad75c18c6321cbd26,6278867592,Alejandro,Mrmosky,espanhol,0,1,2024-11-30T16:51:22.353Z
674b4317d75c18c6321cbd2b,5277699480,Diego,,espanhol,0,1,2024-11-30T16:53:43.095Z
674b445dd75c18c6321cbd30,5146645496,Victor,,espanhol,0,1,2024-11-30T16:59:09.644Z
674b4488d75c18c6321cbd35,1506028199,Javier,,espanhol,0,1,2024-11-30T16:59:52.033Z
674b46e2d75c18c6321cbd3a,504315809,Oculto,,espanhol,0,1,2024-11-30T17:09:54.597Z
674b47f0d75c18c6321cbd3f,1324322686,ALV,,espanhol,0,1,2024-11-30T17:14:24.113Z
674b48f7d75c18c6321cbd44,697221751,Chati,,espanhol,0,1,2024-11-30T17:18:47.672Z
674b49bad75c18c6321cbd49,7452323940,Dave,,espanhol,0,1,2024-11-30T17:22:02.138Z
674b4b29d75c18c6321cbd4e,6622162459,Dejair,,portugues,0,1,2024-11-30T17:28:09.580Z
674b4c93d75c18c6321cbd53,6415972700,Amber,amber3486,portugues,0,1,2024-11-30T17:34:11.934Z
674b4f30d75c18c6321cbd58,725626985,Iker,iker8torre,espanhol,0,1,2024-11-30T17:45:20.472Z
674b5293d75c18c6321cbd5d,1277572929,M,,espanhol,0,1,2024-11-30T17:59:47.623Z
674b53c6d75c18c6321cbd62,6860734295,Berserker,Berserker1320,espanhol,0,1,2024-11-30T18:04:54.531Z
674b56eed75c18c6321cbd67,1440418671,J,,espanhol,0,1,2024-11-30T18:18:22.520Z
674b57d4d75c18c6321cbd6c,1693834389,Miguel,mrequena13,espanhol,0,1,2024-11-30T18:22:12.869Z
674b5aecd75c18c6321cbd71,5067605106,Jose,,espanhol,0,1,2024-11-30T18:35:24.329Z
674b5b51d75c18c6321cbd76,7474778350,J Cesar,,espanhol,0,1,2024-11-30T18:37:05.946Z
674b6371d75c18c6321cbd7f,6815679961,Memescop,,espanhol,0,1,2024-11-30T19:11:45.100Z
674b6383d75c18c6321cbd84,1353450379,Black,,espanhol,0,1,2024-11-30T19:12:03.197Z
674b6554d75c18c6321cbd8d,1392715244,ManuRosado27,,espanhol,0,1,2024-11-30T19:19:48.843Z
674b66ffd75c18c6321cbd92,1868767382,GMS,GMS_95,espanhol,0,1,2024-11-30T19:26:55.617Z
674b6a9cd75c18c6321cbd97,6967175975,Flaquito,Flaquito007,portugues,0,1,2024-11-30T19:42:20.422Z
674b6bbbd75c18c6321cbd9c,5654562619,Dani,Dariel2322,espanhol,0,1,2024-11-30T19:47:07.156Z
674b6d81d75c18c6321cbda1,6160899324,C,,espanhol,0,1,2024-11-30T19:54:41.450Z
674b7266d75c18c6321cbda6,1019274020,Hakim,hakimo72,portugues_br,0,1,2024-11-30T20:15:34.096Z
674b72b0d75c18c6321cbdab,5928988788,Z,,espanhol,0,1,2024-11-30T20:16:48.524Z
674b7373d75c18c6321cbdb0,271726664,Juanjo,JuanjoBlueGeek,espanhol,0,1,2024-11-30T20:20:03.825Z
674b7555d75c18c6321cbdb8,7428354003,AHORA/CL,,espanhol,0,1,2024-11-30T20:28:05.469Z
674b7772d75c18c6321cbdbd,7296502384,Ra√∫l,,espanhol,0,1,2024-11-30T20:37:06.379Z
674b797ed75c18c6321cbdc2,6752553936,Calum,,portugues,0,1,2024-11-30T20:45:50.632Z
674b7a87d75c18c6321cbdc7,6646656534,Victor,,espanhol,0,1,2024-11-30T20:50:15.479Z
674b7a9ed75c18c6321cbdcc,6784299689,Tony,tzshoez,espanhol,0,1,2024-11-30T20:50:38.012Z
674b7b2cd75c18c6321cbdd1,2071621357,Rozh,Rozh_Gardi,portugues,0,1,2024-11-30T20:53:00.546Z
674b7d4ed75c18c6321cbdd6,6954409220,Pancho,,espanhol,0,1,2024-11-30T21:02:06.592Z
674b806fd75c18c6321cbddb,7742333442,Alejandro,,espanhol,0,1,2024-11-30T21:15:27.254Z
674b820ed75c18c6321cbde0,7614463631,Korea,,espanhol,0,1,2024-11-30T21:22:22.880Z
674b83d0d75c18c6321cbde9,1502021625,Enrique,,espanhol,0,1,2024-11-30T21:29:52.971Z
674b861ad75c18c6321cbdee,6707946344,Lance,LanceRomance,portugues_br,0,1,2024-11-30T21:39:38.974Z
674b8906d75c18c6321cbdf3,7175527235,G,,espanhol,0,1,2024-11-30T21:52:06.906Z
674b8a71d75c18c6321cbdf8,923828061,alex,,espanhol,0,1,2024-11-30T21:58:09.334Z
674b8bb9d75c18c6321cbdfd,951340012,Juanjo,,espanhol,0,1,2024-11-30T22:03:37.044Z
674b8eb5d75c18c6321cbe02,1498313398,Estaban,,espanhol,0,1,2024-11-30T22:16:21.686Z
674b9031d75c18c6321cbe07,993788108,Valeriiia,valeriiia_gmez,espanhol,0,1,2024-11-30T22:22:41.841Z
674b97d0d75c18c6321cbe0c,5567816401,G,,espanhol,0,1,2024-11-30T22:55:12.457Z
674b9bc6d75c18c6321cbe11,1426165633,Fran,,espanhol,0,1,2024-11-30T23:12:06.674Z
674b9dab2dcbdfa2e6a230f5,9616970,.........,Habana_blues,espanhol,0,1,2024-11-30T23:20:11.255Z
674b9dd12dcbdfa2e6a2310c,7052470221,Nono,nonito29,espanhol,0,1,2024-11-30T23:20:49.630Z
674b9e822dcbdfa2e6a23135,7932944830,JonSnow,,espanhol,0,1,2024-11-30T23:23:46.639Z
674b9eca2dcbdfa2e6a2313a,1119530310,Marcelo,,espanhol,0,1,2024-11-30T23:24:58.528Z
674ba1751aab61823ad7632b,5814271219,Adrian,,espanhol,0,1,2024-11-30T23:36:21.882Z
674ba3301aab61823ad763f2,6721447659,FOX LTDA 01,Agencialtda,espanhol,0,1,2024-11-30T23:43:44.584Z
674ba3cc1aab61823ad76466,7787452914,Jdjejwjfj,iskfkskkfkf,espanhol,0,1,2024-11-30T23:46:20.727Z
674ba66e7ce3cccfe6deb90e,6161740014,Riki,,espanhol,0,1,2024-11-30T23:57:34.357Z
674ba8617cf9f45c86c3d2d9,673195223,Rafael,rafaellima777,espanhol,0,1,2024-12-01T00:05:53.584Z
674bb89e0d0880f1afd345b6,5578262036,Tato,,espanhol,0,1,2024-12-01T01:15:10.292Z
674bbcc90d0880f1afd34837,6449292906,Agustin,,espanhol,0,1,2024-12-01T01:32:57.883Z
674bbcdf0d0880f1afd3484c,7218856058,Fran,,espanhol,0,1,2024-12-01T01:33:19.087Z
674bce690d0880f1afd356c5,252320755,Juan Jose,,espanhol,0,1,2024-12-01T02:48:09.701Z
674bd3950d0880f1afd356cc,334392962,Mario,mariof799,espanhol,0,1,2024-12-01T03:10:13.563Z
674bd4e60d0880f1afd356d1,6768865623,Gustavo,,espanhol,0,1,2024-12-01T03:15:50.258Z
674bdb8c0d0880f1afd356d6,7376416311,Mat√≠as,,espanhol,0,1,2024-12-01T03:44:12.899Z
674becae0d0880f1afd356db,8197447788,Angel,,espanhol,0,1,2024-12-01T04:57:18.970Z
674c11790d0880f1afd356fe,6930727772,Serial,Sameer12334455,portugues,0,1,2024-12-01T07:34:17.529Z
674c11a10d0880f1afd3570a,6310422923,Leo,,espanhol,0,1,2024-12-01T07:34:57.955Z
674c20250d0880f1afd3570f,2142577437,Blade,,espanhol,0,1,2024-12-01T08:36:53.613Z
674c23800d0880f1afd35714,305468669,Alex,Beod01,espanhol,0,1,2024-12-01T08:51:12.813Z
674c23dd0d0880f1afd35719,5831930024,aaaaaa,,espanhol,0,1,2024-12-01T08:52:45.822Z
674c29020d0880f1afd3571e,7184239368,Bob,,espanhol,0,1,2024-12-01T09:14:42.067Z
674c2ad00d0880f1afd35723,5696447952,Cristian,Cristian_Mancia,espanhol,0,1,2024-12-01T09:22:24.058Z
674c3d440d0880f1afd35728,791735611,Matt_aks,,espanhol,0,1,2024-12-01T10:41:08.558Z
674c40030d0880f1afd3572d,1976336520,Rub√©n,rubenss2,espanhol,1,1,2024-12-01T10:52:51.324Z
674c539c0d0880f1afd3574b,6844019857,maryam,m_ryam_23,espanhol,0,1,2024-12-01T12:16:28.774Z
674c5d8a0d0880f1afd35751,7060666354,Oi,,portugues,0,1,2024-12-01T12:58:50.117Z
674c638e0d0880f1afd35777,832375365,Casquero,,espanhol,0,1,2024-12-01T13:24:30.963Z
674c64540d0880f1afd3577f,5137564889,Juanjo,,espanhol,0,1,2024-12-01T13:27:48.540Z
674c677d0d0880f1afd35786,851998941,üê¶‚Äçüî•Hoselitoüêô,PepeMary85,espanhol,0,1,2024-12-01T13:41:17.242Z
674c75380d0880f1afd3578b,5887062835,Ivan,,espanhol,0,1,2024-12-01T14:39:52.309Z
674c787c0d0880f1afd35790,5560737406,Sotiris,,espanhol,0,1,2024-12-01T14:53:48.679Z
674c78e00d0880f1afd35795,1623803196,Elver,,espanhol,0,1,2024-12-01T14:55:28.768Z
674c7b030d0880f1afd3579a,1403167788,Mr. Seb,Tayison07,portugues_br,0,1,2024-12-01T15:04:35.007Z
674c7da40d0880f1afd3579f,7147650368,Roberto,,espanhol,0,1,2024-12-01T15:15:48.473Z
674c7dec0d0880f1afd357a4,829546280,v,,espanhol,0,1,2024-12-01T15:17:00.210Z
674c828d0d0880f1afd357bb,7925949384,Yt,,espanhol,0,1,2024-12-01T15:36:45.135Z
674c89630d0880f1afd357c5,5909508737,David,GrearAstenic,espanhol,0,1,2024-12-01T16:05:55.192Z
674c8e250d0880f1afd357cd,7534245889,Edwin,,espanhol,0,1,2024-12-01T16:26:13.180Z
674c978d0d0880f1afd357d2,7172403117,J,,espanhol,0,1,2024-12-01T17:06:21.387Z
674c98e20d0880f1afd357d7,12729671,Cebri,Cebrica,espanhol,0,1,2024-12-01T17:12:02.959Z
674c999c0d0880f1afd357dc,6136515568,Punto,,espanhol,0,1,2024-12-01T17:15:08.110Z
674ca8940d0880f1afd357e6,832284126,ÿßŸÑÿ≤ÿπŸäŸÖ,aldahmul,espanhol,0,1,2024-12-01T18:19:00.616Z
674caba10d0880f1afd357f7,5070082404,Carlos,,espanhol,0,1,2024-12-01T18:32:01.166Z
674cb07f0d0880f1afd357fc,690490313,Daniel,Sirlanscelot,espanhol,0,1,2024-12-01T18:52:47.874Z
674cb8400d0880f1afd35805,6983889940,H√©ctor,,espanhol,0,1,2024-12-01T19:25:52.324Z
674cc0100d0880f1afd3580a,1467047686,Adrian,,espanhol,0,1,2024-12-01T19:59:12.427Z
674cc1080d0880f1afd3580f,1368710293,Marce,Marce8895,espanhol,0,1,2024-12-01T20:03:20.203Z
674cc11b0d0880f1afd35814,1329317361,Maganzazy,maganzazy,espanhol,0,1,2024-12-01T20:03:39.650Z
674cc3280d0880f1afd35821,7482196840,Mark,,,0,1,2024-12-01T20:12:24.409Z
674cc4310d0880f1afd35824,1590808030,Christian,sky_se_C,espanhol,0,1,2024-12-01T20:16:49.557Z
674cd1060d0880f1afd35829,15370201,Aleix,,espanhol,0,1,2024-12-01T21:11:34.442Z
674cd15b0d0880f1afd3582e,1673189976,Andrei,,espanhol,0,1,2024-12-01T21:12:59.220Z
674cd7f00d0880f1afd35833,7169128652,P,,espanhol,0,1,2024-12-01T21:41:04.316Z
674cdd990d0880f1afd3583e,7057691999,Pere,,,0,1,2024-12-01T22:05:13.263Z
674ce2080d0880f1afd35841,691614514,√Ålvaro,Alvaroodiiaz,espanhol,0,1,2024-12-01T22:24:08.540Z
674ce6e40d0880f1afd35846,1331690782,Pablo,Pablete1997,espanhol,0,1,2024-12-01T22:44:52.970Z
674cf7590d0880f1afd3584b,7220634254,Jajaj,,espanhol,0,1,2024-12-01T23:55:05.088Z
674d081f0d0880f1afd35855,7532800997,Jo√£o,,portugues,0,1,2024-12-02T01:06:39.930Z
674d17680d0880f1afd3585c,5008158624,Diego,,espanhol,0,1,2024-12-02T02:11:52.277Z
674d39d90d0880f1afd35864,5592748906,EXCAMOZINHO,,portugues_br,0,1,2024-12-02T04:38:49.766Z
674d3df10d0880f1afd35869,6051265767,Fabricio,,espanhol,0,1,2024-12-02T04:56:17.877Z
674d778a0d0880f1afd3586e,1084008512,Hola,Hola839,espanhol,0,1,2024-12-02T09:02:02.232Z
674dd5fb0d0880f1afd3587d,7058855357,Arpad,,espanhol,0,1,2024-12-02T15:44:59.013Z
674dd8070d0880f1afd35887,6025352387,Kz,kazetaaaa,,0,1,2024-12-02T15:53:43.854Z
674ddc020d0880f1afd3588a,819204650,Bjorn,elbjorn1995,espanhol,0,1,2024-12-02T16:10:42.174Z
674dec920d0880f1afd3588f,6050140658,Antonio,,portugues,0,1,2024-12-02T17:21:22.100Z
674df0640d0880f1afd358a0,959020643,Douglas,,portugues_br,0,1,2024-12-02T17:37:40.894Z
674df1fe0d0880f1afd358a8,6451821318,valeria,,espanhol,0,1,2024-12-02T17:44:30.269Z
674df4020d0880f1afd358ad,1297044296,Nicol√°s,cmmnop,espanhol,0,1,2024-12-02T17:53:06.285Z
674df5730d0880f1afd358b2,6091347710,jorge,,espanhol,0,1,2024-12-02T17:59:15.262Z
674df6a50d0880f1afd358b9,1822030583,Youssef,yos3e,portugues,0,1,2024-12-02T18:04:21.639Z
674dfc850d0880f1afd358c1,6771033582,Edson,,portugues_br,0,1,2024-12-02T18:29:25.601Z
674dfeb30d0880f1afd358cb,862958498,Ismael,isma_malmont,espanhol,1,1,2024-12-02T18:38:43.710Z
674e18ff0d0880f1afd358d9,1132538696,Nico,,espanhol,0,1,2024-12-02T20:30:55.949Z
674e1d1c0d0880f1afd358de,7137792350,Jose,,espanhol,0,1,2024-12-02T20:48:28.064Z
674e1f4f0d0880f1afd358e3,1216133147,Pablo,,espanhol,0,1,2024-12-02T20:57:51.524Z
674e247f0d0880f1afd358e8,1297229094,Dn,,espanhol,0,1,2024-12-02T21:19:59.673Z
674e2c7f0d0880f1afd358f0,6836366838,Antxon,,espanhol,0,1,2024-12-02T21:54:07.414Z
674e2dfc0d0880f1afd358f5,5288107663,JAGG,,espanhol,0,1,2024-12-02T22:00:28.673Z
674e420e0d0880f1afd3590a,5976152698,Jonathan,,espanhol,0,1,2024-12-02T23:26:06.760Z
674e540d0d0880f1afd3590f,1326778815,Rich,,espanhol,0,1,2024-12-03T00:42:53.390Z
674e65780d0880f1afd35914,305840878,wextre,wextre2,espanhol,0,1,2024-12-03T01:57:12.226Z
674e780d0d0880f1afd35919,6065917689,Aliens,Whyuuu_12,portugues,0,1,2024-12-03T03:16:29.182Z
674e876a0d0880f1afd3591e,1289882452,D,,espanhol,0,1,2024-12-03T04:22:02.557Z
674e883e0d0880f1afd35926,5792981418,Thepatitojuan,,espanhol,0,1,2024-12-03T04:25:34.423Z
674e98340d0880f1afd3592c,6814357400,Fabiano Santos,,portugues,0,1,2024-12-03T05:33:40.534Z
674e9ff70d0880f1afd35931,1238531516,Gabriel,Biel5,portugues_br,0,1,2024-12-03T06:06:47.831Z
674eab2f0d0880f1afd35936,5376895228,Alejandro,,portugues_br,0,1,2024-12-03T06:54:39.755Z
674f02260d0880f1afd3593b,5137696473,Milton,,espanhol,0,1,2024-12-03T13:05:42.235Z
674f2c380d0880f1afd35941,6385195033,el negro,,espanhol,0,1,2024-12-03T16:05:12.303Z
674f40510d0880f1afd35953,6958393877,zu,,espanhol,0,1,2024-12-03T17:30:57.778Z
674f6ec77df3829fe59b919f,6287465706,Edwards,,espanhol,0,1,2024-12-03T20:49:11.676Z
674f6fd87df3829fe59b9210,1877087952,E,,espanhol,0,1,2024-12-03T20:53:44.725Z
674f79287df3829fe59b9251,8158092287,Meze,,espanhol,0,1,2024-12-03T21:33:28.560Z
674f7c4d7df3829fe59b9256,5934704478,‚Ä¶.,brunitogremio,espanhol,0,1,2024-12-03T21:46:53.190Z
674f7e327df3829fe59b925b,7851089006,David,Nelson_241,portugues_br,0,1,2024-12-03T21:54:58.314Z
674f823d7df3829fe59b9263,1338303750,jt,jericho1983,espanhol,0,1,2024-12-03T22:12:13.334Z
674f8d362ad5cd8d1b86817e,1403189203,S,,espanhol,0,1,2024-12-03T22:59:02.101Z
674f94332ad5cd8d1b8681af,1022323535,Seba,,espanhol,0,1,2024-12-03T23:28:51.181Z
674f96dc2ad5cd8d1b8681b4,7179144794,Braian,,espanhol,0,1,2024-12-03T23:40:12.803Z
674fa8392ad5cd8d1b8681c0,5040913079,Toni,,espanhol,0,1,2024-12-04T00:54:17.983Z
674fbd3b2ad5cd8d1b8681c5,6976586638,Washigton Alves Ferrera,,portugues_br,0,1,2024-12-04T02:23:55.958Z
674fd6592ad5cd8d1b8681cf,5807597773,Ramon,Ramonrro,portugues_br,0,1,2024-12-04T04:11:05.302Z
674fd8932ad5cd8d1b8681d4,422440622,Reynier,vKlap,espanhol,0,1,2024-12-04T04:20:35.374Z
674fe3f92ad5cd8d1b8681d9,7246345498,Sargento,,espanhol,0,1,2024-12-04T05:09:13.925Z
674ff5cd2ad5cd8d1b8681ef,7501574759,Chapa,,espanhol,0,1,2024-12-04T06:25:17.232Z
674ff6c32ad5cd8d1b8681fb,1360992605,SamyJR,SamyJR1,espanhol,0,1,2024-12-04T06:29:23.546Z
